,LFE,LFQ,LSE,LSQ,PFE,PFQ,PSE,PSQ
LFE,1.0,0.0821971569752804,0.08256895805183817,-0.6018055693748616,0.6056204305215903,-0.17851199327602973,-0.08634946456110049,-0.9979318902692578
LFQ,0.0821971569752804,1.0,-0.5402329942967716,0.30451318328467036,-0.3643903381884157,0.4722604927093319,-0.9974683782453453,-0.14599546054648016
LSE,0.08256895805183817,-0.5402329942967716,1.0,0.3503682626572874,-0.2863768077650377,-0.9933326168115082,0.5973473824756905,-0.05006943485089166
LSQ,-0.6018055693748616,0.30451318328467036,0.3503682626572874,1.0,-0.9974955227354063,-0.3299544928933409,-0.250219706208761,0.5752685790169383
PFE,0.6056204305215903,-0.3643903381884157,-0.2863768077650377,-0.9974955227354063,1.0,0.2684219380307733,0.31251171097684927,-0.5753270607427707
PFQ,-0.17851199327602973,0.4722604927093319,-0.9933326168115082,-0.3299544928933409,0.2684219380307733,1.0,-0.5307290798471658,0.149761391877258
PSE,-0.08634946456110049,-0.9974683782453453,0.5973473824756905,-0.250219706208761,0.31251171097684927,-0.5307290798471658,1.0,0.14970660216948994
PSQ,-0.9979318902692578,-0.14599546054648016,-0.05006943485089166,0.5752685790169383,-0.5753270607427707,0.149761391877258,0.14970660216948994,1.0
